uid,rq_index,rq_text,monitor_scope_ja,precheck_steps_ja,diff_check_steps_ja,apply_rule_ja,fallback_rule_ja,evidence_bundle_ja,next_due_utc,generated_at_utc
U12,1,分岐後主体の識別子を何に基づいて付与するか。,法的人格と主体識別の改訂監視,curlで最終URLと2xxを確認しアクセス経路変動があればブラウザで再確認,改訂履歴行と条項見出しでpersonhoodやidentity語を照合,定義変更が確認された場合はRound27更新文テンプレを適用,URL経路差またはレイアウト差のみなら据え置き文を適用,ページタイトル|改訂日|該当見出し|確認URL|確認時刻UTC,2026-03-08T14:38:23Z,2026-03-01T15:02:10Z
U12,2,責任・権利・同意の継承ルールをどの時点で分岐させるか。,責任と同意継承規定の改訂監視,curlで最終URLと2xxを確認しアクセス経路変動があればブラウザで再確認,分岐時点と継承開始時点の規定差分を見出し単位で照合,継承開始時点または分岐時点の規定変更でRound27更新文テンプレを適用,文言整形のみまたはURL正規化のみなら据え置き文を適用,ページタイトル|改訂日|該当見出し|確認URL|確認時刻UTC,2026-03-08T14:38:23Z,2026-03-01T15:02:10Z
U12,3,心理的連続性基準と法的個体基準の不一致をどう扱うか。,衝突解決ルールの改訂監視,curlで最終URLと2xxを確認しアクセス経路変動があればブラウザで再確認,心理的連続性と法的基準の衝突解決語を改訂履歴で照合,衝突解決ルールの追加または削除があればRound27更新文テンプレを適用,改訂日更新なしで本文差分も無い場合は据え置き文を適用,ページタイトル|改訂日|該当見出し|確認URL|確認時刻UTC,2026-03-08T14:38:23Z,2026-03-01T15:02:10Z
U12,4,技術評価（性能）と人格評価（帰属）をどう接続するか。,性能指標と帰属判断接続規定の監視,curlで最終URLと2xxを確認しアクセス経路変動があればブラウザで再確認,技術評価KPIと帰属判断要件の条項差分を見出し単位で照合,接続要件の変更があればRound27更新文テンプレを適用,参照リンク正規化のみなら据え置き文を適用,ページタイトル|改訂日|該当見出し|確認URL|確認時刻UTC,2026-03-08T14:38:23Z,2026-03-01T15:02:10Z
U12,5,分岐主体間で記憶編集・再同期が起きた場合、法的主体IDを再編する基準は何か。,記憶編集時の主体ID再編規定の監視,curlで最終URLと2xxを確認しアクセス経路変動があればブラウザで再確認,主体ID再編と監査証跡義務の差分を改訂履歴で照合,再編基準または監査要件の変更があればRound27更新文テンプレを適用,語順変更のみで意味差分が無ければ据え置き文を適用,ページタイトル|改訂日|該当見出し|確認URL|確認時刻UTC,2026-03-08T14:38:23Z,2026-03-01T15:02:10Z
U12,6,同意撤回が発生したとき、複数分岐主体への権限剥奪を技術的にどう実装・監査するか。,同意撤回時の権限剥奪規定の監視,curlで最終URLと2xxを確認しアクセス経路変動があればブラウザで再確認,アクセス遮断と追跡監査義務の条項差分を見出し単位で照合,権限剥奪または監査義務の変更があればRound27更新文テンプレを適用,UI変更のみで条項差分が無ければ据え置き文を適用,ページタイトル|改訂日|該当見出し|確認URL|確認時刻UTC,2026-03-08T14:38:23Z,2026-03-01T15:02:10Z
U15,1,神経データの機微性をどの法概念で扱うか（個人情報・生体情報・人格情報）。,神経データ法的区分の改訂監視,curlで2xxと改訂日を確認しCLI差分検出時のみブラウザ確認,個人情報機微情報生体情報の定義条項を改訂履歴と照合,定義変更が確認された場合はRound27更新文テンプレを適用,改訂日差分なしまたは非実体差分のみなら据え置き文を適用,ページタイトル|改訂日|該当見出し|確認URL|確認時刻UTC,2026-03-08T14:38:23Z,2026-03-01T15:02:10Z
U15,2,neurorightsを技術監査項目へどう写像するか。,neurorights写像ガイドの改訂監視,curlで2xxと改訂日を確認しCLI差分検出時のみブラウザ確認,公式ガイドの監査項目写像語を改訂履歴と照合,写像ルール変更が確認された場合はRound27更新文テンプレを適用,改訂履歴に実体差分が無ければ据え置き文を適用,ページタイトル|改訂日|該当見出し|確認URL|確認時刻UTC,2026-03-08T14:38:23Z,2026-03-01T15:02:10Z
U15,3,法域差（EU/US/JP等）を跨ぐ最小共通運用をどう定義するか。,越境相互運用要件の改訂監視,curlで2xxと改訂日を確認しCLI差分検出時のみブラウザ確認,越境移転と相互運用の必須要件を条項見出しで照合,必須要件変更が確認された場合はRound27更新文テンプレを適用,リンク先変更のみで条項差分が無ければ据え置き文を適用,ページタイトル|改訂日|該当見出し|確認URL|確認時刻UTC,2026-03-08T14:38:23Z,2026-03-01T15:02:10Z
U15,4,技術進展に応じた停止条件・更新条件をどうガバナンス化するか。,停止条件と再評価周期の改訂監視,curlで2xxと改訂日を確認しCLI差分検出時のみブラウザ確認,停止条件更新条件再評価周期の規定差分を改訂履歴で照合,停止または更新条件の変更が確認された場合はRound27更新文テンプレを適用,運用例の追記のみで規定差分が無ければ据え置き文を適用,ページタイトル|改訂日|該当見出し|確認URL|確認時刻UTC,2026-03-08T14:38:23Z,2026-03-01T15:02:10Z
